<BackupInst xmlns="http://www.microsoft.com/GroupPolicy/GPOOperations/Manifest"><GPOGuid><![CDATA[{048EDF92-475E-4360-A38B-025342E2D833}]]></GPOGuid><GPODomain><![CDATA[security.local]]></GPODomain><GPODomainGuid><![CDATA[{6f0514af-6cc4-48d1-b2ef-2310ad5fc57b}]]></GPODomainGuid><GPODomainController><![CDATA[DC-SEC-01.security.local]]></GPODomainController><BackupTime><![CDATA[2020-05-20T15:12:28]]></BackupTime><ID><![CDATA[{A0448368-1E56-48C5-A35D-9D4F78BCA17C}]]></ID><Comment><![CDATA[]]></Comment><GPODisplayName><![CDATA[MSFT Windows 10 2004 and Server 2004 - Defender Antivirus]]></GPODisplayName></BackupInst>
