<BackupInst xmlns="http://www.microsoft.com/GroupPolicy/GPOOperations/Manifest"><GPOGuid><![CDATA[{664482FC-B9D5-408C-85D0-2FD0F7BF12AD}]]></GPOGuid><GPODomain><![CDATA[NCSC.SecurityBaseline]]></GPODomain><GPODomainGuid><![CDATA[{20f95010-6f44-40d3-8dcc-55fe49811b5f}]]></GPODomainGuid><GPODomainController><![CDATA[WIN-9AOL5UR4V1Q.NCSC.SecurityBaseline]]></GPODomainController><BackupTime><![CDATA[2019-09-13T18:47:52]]></BackupTime><ID><![CDATA[{804CAB80-7FE6-4BD8-B42A-5C66D43F2B76}]]></ID><Comment><![CDATA[]]></Comment><GPODisplayName><![CDATA[NCSC Windows 10 1903 - AppLocker]]></GPODisplayName></BackupInst>
