<?xml version="1.0" encoding="utf-8"?>
<RegistrySettings clsid="{A3CCFC41-DFDB-43a5-8D26-0FE8B954DA51}"><Registry clsid="{9CD4B2F4-923D-47f5-A062-E897DD1DAD50}" name="SafeModeBlockNonAdmins" status="SafeModeBlockNonAdmins" image="11" changed="2016-06-10 12:27:57" uid="{24F97D76-C70F-486A-8812-857F2AB1B055}" bypassErrors="1" removePolicy="1"><Properties action="R" displayDecimal="1" default="0" hive="HKEY_LOCAL_MACHINE" key="SOFTWARE\Microsoft\Windows\CurrentVersion\policies\system" name="SafeModeBlockNonAdmins" type="REG_DWORD" value="00000001"/></Registry>
	<Registry clsid="{9CD4B2F4-923D-47f5-A062-E897DD1DAD50}" name="Appid" status="Appid" image="6" changed="2016-06-10 12:27:53" uid="{5F2F1DE1-6EE9-418E-A8D1-7BD6C5C1B8BD}" disabled="0" removePolicy="1" bypassErrors="1"><Properties action="R" displayDecimal="0" default="0" hive="HKEY_LOCAL_MACHINE" key="System\CurrentControlSet\Control\SafeBoot\Network" name="Appid" type="REG_SZ" value="Service"/></Registry>
	<Registry clsid="{9CD4B2F4-923D-47f5-A062-E897DD1DAD50}" name="Appid.sys" status="Appid.sys" image="6" changed="2016-06-10 12:27:17" uid="{893A098B-C567-4201-AB12-991EC344EBE8}" removePolicy="1" bypassErrors="1"><Properties action="R" displayDecimal="0" default="0" hive="HKEY_LOCAL_MACHINE" key="System\CurrentControlSet\Control\SafeBoot\Network" name="Appid.sys" type="REG_SZ" value="Driver"/></Registry>
	<Registry clsid="{9CD4B2F4-923D-47f5-A062-E897DD1DAD50}" name="discache.sys" status="discache.sys" image="6" changed="2016-06-10 12:27:47" uid="{3E4BF64A-1BEA-4878-88DC-A48131EC6CBE}" removePolicy="1" bypassErrors="1"><Properties action="R" displayDecimal="0" default="0" hive="HKEY_LOCAL_MACHINE" key="System\CurrentControlSet\Control\SafeBoot\Network" name="discache.sys" type="REG_SZ" value="Driver"/></Registry>
</RegistrySettings>
