<BackupInst xmlns="http://www.microsoft.com/GroupPolicy/GPOOperations/Manifest"><GPOGuid><![CDATA[{A9F6A6C1-8D6D-4079-B073-7C9A66CEB200}]]></GPOGuid><GPODomain><![CDATA[arfergu.ndr]]></GPODomain><GPODomainGuid><![CDATA[{63cbc67c-8a67-4bda-9148-996a4e373d11}]]></GPODomainGuid><GPODomainController><![CDATA[arfergu-dc1.arfergu.ndr]]></GPODomainController><BackupTime><![CDATA[2022-05-11T09:36:12]]></BackupTime><ID><![CDATA[{F5B4CE90-8D04-4ACF-9CED-6A3535D839CA}]]></ID><Comment><![CDATA[]]></Comment><GPODisplayName><![CDATA[NCSC Windows - AppLocker]]></GPODisplayName></BackupInst>
