<?xml version="1.0" encoding="utf-8"?><!-- Copyright (c) Microsoft Corporation.  All rights reserved. --><GroupPolicyBackupScheme bkp:version="2.0" bkp:type="GroupPolicyBackupTemplate" xmlns:bkp="http://www.microsoft.com/GroupPolicy/GPOOperations" xmlns="http://www.microsoft.com/GroupPolicy/GPOOperations">
    <GroupPolicyObject><SecurityGroups><Group bkp:Source="FromDACL"><Sid><![CDATA[S-1-5-21-1420352901-2326479600-3952559791-519]]></Sid><SamAccountName><![CDATA[Enterprise Admins]]></SamAccountName><Type><![CDATA[UniversalGroup]]></Type><NetBIOSDomainName><![CDATA[NCSC]]></NetBIOSDomainName><DnsDomainName><![CDATA[NCSC.SecurityBaseline]]></DnsDomainName><UPN><![CDATA[Enterprise Admins@NCSC.SecurityBaseline]]></UPN></Group><Group bkp:Source="FromDACL"><Sid><![CDATA[S-1-5-21-1420352901-2326479600-3952559791-512]]></Sid><SamAccountName><![CDATA[Domain Admins]]></SamAccountName><Type><![CDATA[GlobalGroup]]></Type><NetBIOSDomainName><![CDATA[NCSC]]></NetBIOSDomainName><DnsDomainName><![CDATA[NCSC.SecurityBaseline]]></DnsDomainName><UPN><![CDATA[Domain Admins@NCSC.SecurityBaseline]]></UPN></Group></SecurityGroups><FilePaths/><GroupPolicyCoreSettings><ID><![CDATA[{C4052973-D78A-462C-BA57-0DF99939484E}]]></ID><Domain><![CDATA[NCSC.SecurityBaseline]]></Domain><SecurityDescriptor>01 00 04 9c 00 00 00 00 00 00 00 00 00 00 00 00 14 00 00 00 04 00 ec 00 08 00 00 00 05 02 28 00 00 01 00 00 01 00 00 00 8f fd ac ed b3 ff d1 11 b4 1d 00 a0 c9 68 f9 39 01 01 00 00 00 00 00 05 0b 00 00 00 00 00 24 00 ff 00 0f 00 01 05 00 00 00 00 00 05 15 00 00 00 85 dd a8 54 f0 42 ab 8a af 46 97 eb 00 02 00 00 00 02 24 00 ff 00 0f 00 01 05 00 00 00 00 00 05 15 00 00 00 85 dd a8 54 f0 42 ab 8a af 46 97 eb 00 02 00 00 00 02 24 00 ff 00 0f 00 01 05 00 00 00 00 00 05 15 00 00 00 85 dd a8 54 f0 42 ab 8a af 46 97 eb 07 02 00 00 00 02 14 00 94 00 02 00 01 01 00 00 00 00 00 05 09 00 00 00 00 02 14 00 94 00 02 00 01 01 00 00 00 00 00 05 0b 00 00 00 00 02 14 00 ff 00 0f 00 01 01 00 00 00 00 00 05 12 00 00 00 00 0a 14 00 ff 00 0f 00 01 01 00 00 00 00 00 03 00 00 00 00</SecurityDescriptor><DisplayName><![CDATA[NCSC Windows 10 1903 - Firewall Configuration]]></DisplayName><Options><![CDATA[0]]></Options><UserVersionNumber><![CDATA[65537]]></UserVersionNumber><MachineVersionNumber><![CDATA[65537]]></MachineVersionNumber><MachineExtensionGuids><![CDATA[[{35378EAC-683F-11D2-A89A-00C04FBBCFA2}{B05566AC-FE9C-4368-BE01-7A4CBB6CBA11}]]]></MachineExtensionGuids><UserExtensionGuids/><WMIFilter/></GroupPolicyCoreSettings> 
        <GroupPolicyExtension bkp:ID="{35378EAC-683F-11D2-A89A-00C04FBBCFA2}" bkp:DescName="Registry">
            <FSObjectFile bkp:Path="%GPO_MACH_FSPATH%\registry.pol" bkp:SourceExpandedPath="\\WIN-9AOL5UR4V1Q.NCSC.SecurityBaseline\sysvol\NCSC.SecurityBaseline\Policies\{C4052973-D78A-462C-BA57-0DF99939484E}\Machine\registry.pol" bkp:Location="DomainSysvol\GPO\Machine\registry.pol"/>
            
            <FSObjectFile bkp:Path="%GPO_FSPATH%\Adm\*.*" bkp:SourceExpandedPath="\\WIN-9AOL5UR4V1Q.NCSC.SecurityBaseline\sysvol\NCSC.SecurityBaseline\Policies\{C4052973-D78A-462C-BA57-0DF99939484E}\Adm\*.*"/>
        </GroupPolicyExtension>
        
        
        
        
        
        
        
        
        
    <GroupPolicyExtension bkp:ID="{F15C46CD-82A0-4C2D-A210-5D0D3182A418}" bkp:DescName="Unknown Extension"><FSObjectDir bkp:Path="%GPO_MACH_FSPATH%\Applications" bkp:SourceExpandedPath="\\WIN-9AOL5UR4V1Q.NCSC.SecurityBaseline\sysvol\NCSC.SecurityBaseline\Policies\{C4052973-D78A-462C-BA57-0DF99939484E}\Machine\Applications" bkp:Location="DomainSysvol\GPO\Machine\Applications"/><FSObjectDir bkp:Path="%GPO_MACH_FSPATH%\Microsoft" bkp:SourceExpandedPath="\\WIN-9AOL5UR4V1Q.NCSC.SecurityBaseline\sysvol\NCSC.SecurityBaseline\Policies\{C4052973-D78A-462C-BA57-0DF99939484E}\Machine\Microsoft" bkp:Location="DomainSysvol\GPO\Machine\Microsoft"/><FSObjectDir bkp:Path="%GPO_MACH_FSPATH%\Microsoft\Windows NT" bkp:SourceExpandedPath="\\WIN-9AOL5UR4V1Q.NCSC.SecurityBaseline\sysvol\NCSC.SecurityBaseline\Policies\{C4052973-D78A-462C-BA57-0DF99939484E}\Machine\Microsoft\Windows NT" bkp:Location="DomainSysvol\GPO\Machine\Microsoft\Windows NT"/><FSObjectDir bkp:Path="%GPO_MACH_FSPATH%\Microsoft\Windows NT\SecEdit" bkp:SourceExpandedPath="\\WIN-9AOL5UR4V1Q.NCSC.SecurityBaseline\sysvol\NCSC.SecurityBaseline\Policies\{C4052973-D78A-462C-BA57-0DF99939484E}\Machine\Microsoft\Windows NT\SecEdit" bkp:Location="DomainSysvol\GPO\Machine\Microsoft\Windows NT\SecEdit"/><FSObjectFile bkp:Path="%GPO_MACH_FSPATH%\Microsoft\Windows NT\SecEdit\GptTmpl.inf" bkp:SourceExpandedPath="\\WIN-9AOL5UR4V1Q.NCSC.SecurityBaseline\sysvol\NCSC.SecurityBaseline\Policies\{C4052973-D78A-462C-BA57-0DF99939484E}\Machine\Microsoft\Windows NT\SecEdit\GptTmpl.inf" bkp:Location="DomainSysvol\GPO\Machine\Microsoft\Windows NT\SecEdit\GptTmpl.inf"/><FSObjectDir bkp:Path="%GPO_MACH_FSPATH%\Scripts" bkp:SourceExpandedPath="\\WIN-9AOL5UR4V1Q.NCSC.SecurityBaseline\sysvol\NCSC.SecurityBaseline\Policies\{C4052973-D78A-462C-BA57-0DF99939484E}\Machine\Scripts" bkp:Location="DomainSysvol\GPO\Machine\Scripts"/><FSObjectDir bkp:Path="%GPO_MACH_FSPATH%\Scripts\Shutdown" bkp:SourceExpandedPath="\\WIN-9AOL5UR4V1Q.NCSC.SecurityBaseline\sysvol\NCSC.SecurityBaseline\Policies\{C4052973-D78A-462C-BA57-0DF99939484E}\Machine\Scripts\Shutdown" bkp:Location="DomainSysvol\GPO\Machine\Scripts\Shutdown"/><FSObjectDir bkp:Path="%GPO_MACH_FSPATH%\Scripts\Startup" bkp:SourceExpandedPath="\\WIN-9AOL5UR4V1Q.NCSC.SecurityBaseline\sysvol\NCSC.SecurityBaseline\Policies\{C4052973-D78A-462C-BA57-0DF99939484E}\Machine\Scripts\Startup" bkp:Location="DomainSysvol\GPO\Machine\Scripts\Startup"/></GroupPolicyExtension></GroupPolicyObject>
</GroupPolicyBackupScheme>