<BackupInst xmlns="http://www.microsoft.com/GroupPolicy/GPOOperations/Manifest"><GPOGuid><![CDATA[{C4052973-D78A-462C-BA57-0DF99939484E}]]></GPOGuid><GPODomain><![CDATA[NCSC.SecurityBaseline]]></GPODomain><GPODomainGuid><![CDATA[{20f95010-6f44-40d3-8dcc-55fe49811b5f}]]></GPODomainGuid><GPODomainController><![CDATA[WIN-9AOL5UR4V1Q.NCSC.SecurityBaseline]]></GPODomainController><BackupTime><![CDATA[2019-09-13T18:48:16]]></BackupTime><ID><![CDATA[{B0168499-9640-41EC-92B1-D51BD95750FE}]]></ID><Comment><![CDATA[]]></Comment><GPODisplayName><![CDATA[NCSC Windows 10 1903 - Firewall Configuration]]></GPODisplayName></BackupInst>
