<?xml version="1.0" encoding="utf-8"?><!-- Copyright (c) Microsoft Corporation.  All rights reserved. --><GroupPolicyBackupScheme bkp:version="2.0" bkp:type="GroupPolicyBackupTemplate" xmlns:bkp="http://www.microsoft.com/GroupPolicy/GPOOperations" xmlns="http://www.microsoft.com/GroupPolicy/GPOOperations">
    <GroupPolicyObject><SecurityGroups><Group bkp:Source="FromDACL"><Sid><![CDATA[S-1-5-21-3950072297-860329200-1219561692-519]]></Sid><SamAccountName><![CDATA[Enterprise Admins]]></SamAccountName><Type><![CDATA[UniversalGroup]]></Type><NetBIOSDomainName><![CDATA[ARFERGU]]></NetBIOSDomainName><DnsDomainName><![CDATA[arfergu.ndr]]></DnsDomainName><UPN><![CDATA[Enterprise Admins@arfergu.ndr]]></UPN></Group><Group bkp:Source="FromDACL"><Sid><![CDATA[S-1-5-21-3950072297-860329200-1219561692-512]]></Sid><SamAccountName><![CDATA[Domain Admins]]></SamAccountName><Type><![CDATA[GlobalGroup]]></Type><NetBIOSDomainName><![CDATA[ARFERGU]]></NetBIOSDomainName><DnsDomainName><![CDATA[arfergu.ndr]]></DnsDomainName><UPN><![CDATA[Domain Admins@arfergu.ndr]]></UPN></Group></SecurityGroups><FilePaths/><GroupPolicyCoreSettings><ID><![CDATA[{DAA2F2D8-78BB-4612-91F3-F50C6C977CD1}]]></ID><Domain><![CDATA[arfergu.ndr]]></Domain><SecurityDescriptor>01 00 04 9c 00 00 00 00 00 00 00 00 00 00 00 00 14 00 00 00 04 00 ec 00 08 00 00 00 05 02 28 00 00 01 00 00 01 00 00 00 8f fd ac ed b3 ff d1 11 b4 1d 00 a0 c9 68 f9 39 01 01 00 00 00 00 00 05 0b 00 00 00 00 00 24 00 ff 00 0f 00 01 05 00 00 00 00 00 05 15 00 00 00 e9 51 71 eb f0 94 47 33 dc 08 b1 48 00 02 00 00 00 02 24 00 ff 00 0f 00 01 05 00 00 00 00 00 05 15 00 00 00 e9 51 71 eb f0 94 47 33 dc 08 b1 48 00 02 00 00 00 02 24 00 ff 00 0f 00 01 05 00 00 00 00 00 05 15 00 00 00 e9 51 71 eb f0 94 47 33 dc 08 b1 48 07 02 00 00 00 02 14 00 94 00 02 00 01 01 00 00 00 00 00 05 09 00 00 00 00 02 14 00 94 00 02 00 01 01 00 00 00 00 00 05 0b 00 00 00 00 02 14 00 ff 00 0f 00 01 01 00 00 00 00 00 05 12 00 00 00 00 0a 14 00 ff 00 0f 00 01 01 00 00 00 00 00 03 00 00 00 00</SecurityDescriptor><DisplayName><![CDATA[NCSC Windows - Computer]]></DisplayName><Options><![CDATA[1]]></Options><UserVersionNumber><![CDATA[65537]]></UserVersionNumber><MachineVersionNumber><![CDATA[786444]]></MachineVersionNumber><MachineExtensionGuids><![CDATA[[{00000000-0000-0000-0000-000000000000}{BEE07A6A-EC9F-4659-B8C9-0B1937907C83}][{35378EAC-683F-11D2-A89A-00C04FBBCFA2}{53D6AB1D-2488-11D1-A28C-00C04FB94F17}{D02B1F72-3407-48AE-BA88-E8213C6761F1}][{827D319E-6EAC-11D2-A4EA-00C04F79F83A}{803E14A0-B4FB-11D0-A0D0-00A0C90F574B}][{B087BE9D-ED37-454F-AF9C-04291E351182}{BEE07A6A-EC9F-4659-B8C9-0B1937907C83}][{B1BE8D72-6EAC-11D2-A4EA-00C04F79F83A}{53D6AB1D-2488-11D1-A28C-00C04FB94F17}][{BA649533-0AAC-4E04-B9BC-4DBAE0325B12}{D02B1F72-3407-48AE-BA88-E8213C6761F1}]]]></MachineExtensionGuids><UserExtensionGuids/><WMIFilter/></GroupPolicyCoreSettings> 
        <GroupPolicyExtension bkp:ID="{35378EAC-683F-11D2-A89A-00C04FBBCFA2}" bkp:DescName="Registry">
            <FSObjectFile bkp:Path="%GPO_MACH_FSPATH%\registry.pol" bkp:SourceExpandedPath="\\arfergu-dc1.arfergu.ndr\sysvol\arfergu.ndr\Policies\{DAA2F2D8-78BB-4612-91F3-F50C6C977CD1}\Machine\registry.pol" bkp:Location="DomainSysvol\GPO\Machine\registry.pol"/>
            
            <FSObjectFile bkp:Path="%GPO_FSPATH%\Adm\*.*" bkp:SourceExpandedPath="\\arfergu-dc1.arfergu.ndr\sysvol\arfergu.ndr\Policies\{DAA2F2D8-78BB-4612-91F3-F50C6C977CD1}\Adm\*.*"/>
        </GroupPolicyExtension>
        
        
        
        
        <GroupPolicyExtension bkp:ID="{827D319E-6EAC-11D2-A4EA-00C04F79F83A}" bkp:DescName="Security">
            <FSObjectFile bkp:Path="%GPO_MACH_FSPATH%\microsoft\windows nt\SecEdit\GptTmpl.inf" bkp:SourceExpandedPath="\\arfergu-dc1.arfergu.ndr\sysvol\arfergu.ndr\Policies\{DAA2F2D8-78BB-4612-91F3-F50C6C977CD1}\Machine\microsoft\windows nt\SecEdit\GptTmpl.inf" bkp:ReEvaluateFunction="SecurityValidateSettings" bkp:Location="DomainSysvol\GPO\Machine\microsoft\windows nt\SecEdit\GptTmpl.inf"/>
        </GroupPolicyExtension>
        
        
        
        
    <GroupPolicyExtension bkp:ID="{F15C46CD-82A0-4C2D-A210-5D0D3182A418}" bkp:DescName="Unknown Extension"><FSObjectDir bkp:Path="%GPO_MACH_FSPATH%\Applications" bkp:SourceExpandedPath="\\arfergu-dc1.arfergu.ndr\sysvol\arfergu.ndr\Policies\{DAA2F2D8-78BB-4612-91F3-F50C6C977CD1}\Machine\Applications" bkp:Location="DomainSysvol\GPO\Machine\Applications"/><FSObjectFile bkp:Path="%GPO_MACH_FSPATH%\comment.cmtx" bkp:SourceExpandedPath="\\arfergu-dc1.arfergu.ndr\sysvol\arfergu.ndr\Policies\{DAA2F2D8-78BB-4612-91F3-F50C6C977CD1}\Machine\comment.cmtx" bkp:Location="DomainSysvol\GPO\Machine\comment.cmtx"/><FSObjectDir bkp:Path="%GPO_MACH_FSPATH%\microsoft" bkp:SourceExpandedPath="\\arfergu-dc1.arfergu.ndr\sysvol\arfergu.ndr\Policies\{DAA2F2D8-78BB-4612-91F3-F50C6C977CD1}\Machine\microsoft" bkp:Location="DomainSysvol\GPO\Machine\microsoft"/><FSObjectDir bkp:Path="%GPO_MACH_FSPATH%\microsoft\windows nt" bkp:SourceExpandedPath="\\arfergu-dc1.arfergu.ndr\sysvol\arfergu.ndr\Policies\{DAA2F2D8-78BB-4612-91F3-F50C6C977CD1}\Machine\microsoft\windows nt" bkp:Location="DomainSysvol\GPO\Machine\microsoft\windows nt"/><FSObjectDir bkp:Path="%GPO_MACH_FSPATH%\microsoft\windows nt\SecEdit" bkp:SourceExpandedPath="\\arfergu-dc1.arfergu.ndr\sysvol\arfergu.ndr\Policies\{DAA2F2D8-78BB-4612-91F3-F50C6C977CD1}\Machine\microsoft\windows nt\SecEdit" bkp:Location="DomainSysvol\GPO\Machine\microsoft\windows nt\SecEdit"/><FSObjectDir bkp:Path="%GPO_MACH_FSPATH%\Preferences" bkp:SourceExpandedPath="\\arfergu-dc1.arfergu.ndr\sysvol\arfergu.ndr\Policies\{DAA2F2D8-78BB-4612-91F3-F50C6C977CD1}\Machine\Preferences" bkp:Location="DomainSysvol\GPO\Machine\Preferences"/><FSObjectDir bkp:Path="%GPO_MACH_FSPATH%\Preferences\Registry" bkp:SourceExpandedPath="\\arfergu-dc1.arfergu.ndr\sysvol\arfergu.ndr\Policies\{DAA2F2D8-78BB-4612-91F3-F50C6C977CD1}\Machine\Preferences\Registry" bkp:Location="DomainSysvol\GPO\Machine\Preferences\Registry"/><FSObjectFile bkp:Path="%GPO_MACH_FSPATH%\Preferences\Registry\Registry.xml" bkp:SourceExpandedPath="\\arfergu-dc1.arfergu.ndr\sysvol\arfergu.ndr\Policies\{DAA2F2D8-78BB-4612-91F3-F50C6C977CD1}\Machine\Preferences\Registry\Registry.xml" bkp:Location="DomainSysvol\GPO\Machine\Preferences\Registry\Registry.xml"/><FSObjectDir bkp:Path="%GPO_MACH_FSPATH%\Scripts" bkp:SourceExpandedPath="\\arfergu-dc1.arfergu.ndr\sysvol\arfergu.ndr\Policies\{DAA2F2D8-78BB-4612-91F3-F50C6C977CD1}\Machine\Scripts" bkp:Location="DomainSysvol\GPO\Machine\Scripts"/><FSObjectDir bkp:Path="%GPO_MACH_FSPATH%\Scripts\Shutdown" bkp:SourceExpandedPath="\\arfergu-dc1.arfergu.ndr\sysvol\arfergu.ndr\Policies\{DAA2F2D8-78BB-4612-91F3-F50C6C977CD1}\Machine\Scripts\Shutdown" bkp:Location="DomainSysvol\GPO\Machine\Scripts\Shutdown"/><FSObjectDir bkp:Path="%GPO_MACH_FSPATH%\Scripts\Startup" bkp:SourceExpandedPath="\\arfergu-dc1.arfergu.ndr\sysvol\arfergu.ndr\Policies\{DAA2F2D8-78BB-4612-91F3-F50C6C977CD1}\Machine\Scripts\Startup" bkp:Location="DomainSysvol\GPO\Machine\Scripts\Startup"/><FSObjectDir bkp:Path="%GPO_USER_FSPATH%\Documents &amp; Settings" bkp:SourceExpandedPath="\\arfergu-dc1.arfergu.ndr\sysvol\arfergu.ndr\Policies\{DAA2F2D8-78BB-4612-91F3-F50C6C977CD1}\User\Documents &amp; Settings" bkp:Location="DomainSysvol\GPO\User\Documents &amp; Settings"/><FSObjectDir bkp:Path="%GPO_USER_FSPATH%\Scripts" bkp:SourceExpandedPath="\\arfergu-dc1.arfergu.ndr\sysvol\arfergu.ndr\Policies\{DAA2F2D8-78BB-4612-91F3-F50C6C977CD1}\User\Scripts" bkp:Location="DomainSysvol\GPO\User\Scripts"/><FSObjectDir bkp:Path="%GPO_USER_FSPATH%\Scripts\Logoff" bkp:SourceExpandedPath="\\arfergu-dc1.arfergu.ndr\sysvol\arfergu.ndr\Policies\{DAA2F2D8-78BB-4612-91F3-F50C6C977CD1}\User\Scripts\Logoff" bkp:Location="DomainSysvol\GPO\User\Scripts\Logoff"/><FSObjectDir bkp:Path="%GPO_USER_FSPATH%\Scripts\Logon" bkp:SourceExpandedPath="\\arfergu-dc1.arfergu.ndr\sysvol\arfergu.ndr\Policies\{DAA2F2D8-78BB-4612-91F3-F50C6C977CD1}\User\Scripts\Logon" bkp:Location="DomainSysvol\GPO\User\Scripts\Logon"/></GroupPolicyExtension></GroupPolicyObject>
</GroupPolicyBackupScheme>