<BackupInst xmlns="http://www.microsoft.com/GroupPolicy/GPOOperations/Manifest"><GPOGuid><![CDATA[{1F01EC18-221F-471B-A378-77C7AE78D4AD}]]></GPOGuid><GPODomain><![CDATA[arfergu.ndr]]></GPODomain><GPODomainGuid><![CDATA[{63cbc67c-8a67-4bda-9148-996a4e373d11}]]></GPODomainGuid><GPODomainController><![CDATA[arfergu-dc1.arfergu.ndr]]></GPODomainController><BackupTime><![CDATA[2022-05-11T09:36:13]]></BackupTime><ID><![CDATA[{9F720BED-11C3-442A-AAE6-25A93938FCE2}]]></ID><Comment><![CDATA[]]></Comment><GPODisplayName><![CDATA[NCSC Windows - Firewall]]></GPODisplayName></BackupInst>
