<BackupInst xmlns="http://www.microsoft.com/GroupPolicy/GPOOperations/Manifest"><GPOGuid><![CDATA[{F9CA6C42-3A57-4D81-88BF-6CD8289FD1F5}]]></GPOGuid><GPODomain><![CDATA[security.local]]></GPODomain><GPODomainGuid><![CDATA[{6f0514af-6cc4-48d1-b2ef-2310ad5fc57b}]]></GPODomainGuid><GPODomainController><![CDATA[DC-SEC-01.security.local]]></GPODomainController><BackupTime><![CDATA[2020-05-20T15:12:28]]></BackupTime><ID><![CDATA[{EDEDD7EF-4C11-4804-BBFB-9AF671C45C2C}]]></ID><Comment><![CDATA[]]></Comment><GPODisplayName><![CDATA[MSFT Windows 10 2004 - BitLocker]]></GPODisplayName></BackupInst>
