<BackupInst xmlns="http://www.microsoft.com/GroupPolicy/GPOOperations/Manifest"><GPOGuid><![CDATA[{4C89DB38-55D9-4C34-9A14-89EDAE418E86}]]></GPOGuid><GPODomain><![CDATA[NCSC.SecurityBaseline]]></GPODomain><GPODomainGuid><![CDATA[{20f95010-6f44-40d3-8dcc-55fe49811b5f}]]></GPODomainGuid><GPODomainController><![CDATA[WIN-9AOL5UR4V1Q.NCSC.SecurityBaseline]]></GPODomainController><BackupTime><![CDATA[2019-09-13T18:48:20]]></BackupTime><ID><![CDATA[{66064AB1-E6A2-43AE-9BED-3D895A2C7AB5}]]></ID><Comment><![CDATA[]]></Comment><GPODisplayName><![CDATA[NCSC Windows 10 1903 - User]]></GPODisplayName></BackupInst>
