<BackupInst xmlns="http://www.microsoft.com/GroupPolicy/GPOOperations/Manifest"><GPOGuid><![CDATA[{9C0907B9-9959-4005-A367-286D5DFE9CCB}]]></GPOGuid><GPODomain><![CDATA[arfergu.ndr]]></GPODomain><GPODomainGuid><![CDATA[{63cbc67c-8a67-4bda-9148-996a4e373d11}]]></GPODomainGuid><GPODomainController><![CDATA[arfergu-dc1.arfergu.ndr]]></GPODomainController><BackupTime><![CDATA[2022-05-11T09:36:12]]></BackupTime><ID><![CDATA[{42C4A378-81D4-499D-9E74-71AE576E9652}]]></ID><Comment><![CDATA[]]></Comment><GPODisplayName><![CDATA[NCSC Windows - Application Guard]]></GPODisplayName></BackupInst>
