<?xml version="1.0" encoding="utf-8"?>
<RegistrySettings clsid="{A3CCFC41-DFDB-43a5-8D26-0FE8B954DA51}"><Registry clsid="{9CD4B2F4-923D-47f5-A062-E897DD1DAD50}" name="SafeModeBlockNonAdmins" status="SafeModeBlockNonAdmins" image="12" changed="2019-02-22 15:47:11" uid="{DBDF3B5B-A0B6-4E75-9D3F-FEFE7975BA24}"><Properties action="U" displayDecimal="1" default="0" hive="HKEY_LOCAL_MACHINE" key="SOFTWARE\Microsoft\Windows\CurrentVersion\Policies\System" name="SafeModeBlockNonAdmins" type="REG_DWORD" value="00000001"/></Registry>
	<Registry clsid="{9CD4B2F4-923D-47f5-A062-E897DD1DAD50}" name="Appid" status="Appid" image="7" changed="2019-02-22 15:48:45" uid="{B25555F8-A6E2-42EE-A402-85BDA7A4720C}"><Properties action="U" displayDecimal="0" default="0" hive="HKEY_LOCAL_MACHINE" key="SYSTEM\CurrentControlSet\Control\SafeBoot\Network" name="Appid" type="REG_SZ" value="Service"/></Registry>
	<Registry clsid="{9CD4B2F4-923D-47f5-A062-E897DD1DAD50}" name="Appid.sys" status="Appid.sys" image="7" changed="2019-02-22 15:49:49" uid="{44898C5C-8109-4D87-BB1D-EBAE278D7AC2}"><Properties action="U" displayDecimal="0" default="0" hive="HKEY_LOCAL_MACHINE" key="SYSTEM\CurrentControlSet\Control\SafeBoot\Network" name="Appid.sys" type="REG_SZ" value="Driver"/></Registry>
	<Registry clsid="{9CD4B2F4-923D-47f5-A062-E897DD1DAD50}" name="discache.sys" status="discache.sys" image="7" changed="2019-02-22 15:50:12" uid="{B5910A19-8762-4FB5-BAC8-E3976BB7466D}"><Properties action="U" displayDecimal="0" default="0" hive="HKEY_LOCAL_MACHINE" key="SYSTEM\CurrentControlSet\Control\SafeBoot\Network" name="discache.sys" type="REG_SZ" value="Driver"/></Registry>
</RegistrySettings>
