<BackupInst xmlns="http://www.microsoft.com/GroupPolicy/GPOOperations/Manifest"><GPOGuid><![CDATA[{5587517B-976C-49E3-AAD2-31702EA52208}]]></GPOGuid><GPODomain><![CDATA[NCSC.SecurityBaseline]]></GPODomain><GPODomainGuid><![CDATA[{20f95010-6f44-40d3-8dcc-55fe49811b5f}]]></GPODomainGuid><GPODomainController><![CDATA[WIN-9AOL5UR4V1Q.NCSC.SecurityBaseline]]></GPODomainController><BackupTime><![CDATA[2019-09-13T18:47:37]]></BackupTime><ID><![CDATA[{ED30BF2F-5B96-43F2-ADAC-4E39B2F82B91}]]></ID><Comment><![CDATA[]]></Comment><GPODisplayName><![CDATA[NCSC Windows 10 1903 - Application Guard]]></GPODisplayName></BackupInst>
