<BackupInst xmlns="http://www.microsoft.com/GroupPolicy/GPOOperations/Manifest"><GPOGuid><![CDATA[{E9F1D4BF-D7C0-4358-B1CD-6B1F7E1754D3}]]></GPOGuid><GPODomain><![CDATA[security.local]]></GPODomain><GPODomainGuid><![CDATA[{6f0514af-6cc4-48d1-b2ef-2310ad5fc57b}]]></GPODomainGuid><GPODomainController><![CDATA[DC-SEC-01.security.local]]></GPODomainController><BackupTime><![CDATA[2020-05-20T15:12:29]]></BackupTime><ID><![CDATA[{2B73FA2D-BCFF-4A2C-8822-EE2D5DFB18D8}]]></ID><Comment><![CDATA[]]></Comment><GPODisplayName><![CDATA[MSFT Windows 10 2004 and Server 2004 - Domain Security]]></GPODisplayName></BackupInst>
