<BackupInst xmlns="http://www.microsoft.com/GroupPolicy/GPOOperations/Manifest"><GPOGuid><![CDATA[{4FD25D20-3FDB-4C7F-B7E7-0ECF88CC9203}]]></GPOGuid><GPODomain><![CDATA[arfergu.ndr]]></GPODomain><GPODomainGuid><![CDATA[{63cbc67c-8a67-4bda-9148-996a4e373d11}]]></GPODomainGuid><GPODomainController><![CDATA[arfergu-dc1.arfergu.ndr]]></GPODomainController><BackupTime><![CDATA[2022-05-11T09:36:14]]></BackupTime><ID><![CDATA[{FA2FC1E7-E583-44FD-A685-3214AC9DFDD8}]]></ID><Comment><![CDATA[]]></Comment><GPODisplayName><![CDATA[NCSC Windows - Windows Defender]]></GPODisplayName></BackupInst>
