<BackupInst xmlns="http://www.microsoft.com/GroupPolicy/GPOOperations/Manifest"><GPOGuid><![CDATA[{1B6AAB4D-20DC-4956-9439-DD15694E2B6A}]]></GPOGuid><GPODomain><![CDATA[security.local]]></GPODomain><GPODomainGuid><![CDATA[{6f0514af-6cc4-48d1-b2ef-2310ad5fc57b}]]></GPODomainGuid><GPODomainController><![CDATA[DC-SEC-01.security.local]]></GPODomainController><BackupTime><![CDATA[2020-05-20T15:12:28]]></BackupTime><ID><![CDATA[{D0BECB24-5EBF-40BE-820D-F572C81FF2DB}]]></ID><Comment><![CDATA[]]></Comment><GPODisplayName><![CDATA[MSFT Windows 10 2004 - Computer]]></GPODisplayName></BackupInst>
