<BackupInst xmlns="http://www.microsoft.com/GroupPolicy/GPOOperations/Manifest"><GPOGuid><![CDATA[{5C9B8F88-D2D7-4E50-A8AF-3CBF0481D55B}]]></GPOGuid><GPODomain><![CDATA[arfergu.ndr]]></GPODomain><GPODomainGuid><![CDATA[{63cbc67c-8a67-4bda-9148-996a4e373d11}]]></GPODomainGuid><GPODomainController><![CDATA[arfergu-dc1.arfergu.ndr]]></GPODomainController><BackupTime><![CDATA[2022-05-11T09:36:14]]></BackupTime><ID><![CDATA[{AC75F4C8-AA3E-49A4-8430-F72985638FF5}]]></ID><Comment><![CDATA[]]></Comment><GPODisplayName><![CDATA[NCSC Windows - User]]></GPODisplayName></BackupInst>
