<BackupInst xmlns="http://www.microsoft.com/GroupPolicy/GPOOperations/Manifest"><GPOGuid><![CDATA[{2D8A4977-C731-4A2C-BB69-F7013FACE889}]]></GPOGuid><GPODomain><![CDATA[NCSC.SecurityBaseline]]></GPODomain><GPODomainGuid><![CDATA[{20f95010-6f44-40d3-8dcc-55fe49811b5f}]]></GPODomainGuid><GPODomainController><![CDATA[WIN-9AOL5UR4V1Q.NCSC.SecurityBaseline]]></GPODomainController><BackupTime><![CDATA[2019-09-13T18:48:07]]></BackupTime><ID><![CDATA[{446B694F-16B5-476B-A0F4-0F27138F63FC}]]></ID><Comment><![CDATA[]]></Comment><GPODisplayName><![CDATA[NCSC Windows 10 1903 - Device Guard]]></GPODisplayName></BackupInst>
